datetime,open,high,low,close,volume
2024-08-21T00:00:00+00:00,178.8,182.25,175.11,177.01,141645
2024-08-24T00:00:00+00:00,177.01,177.32,174.17,175.36,32863
2024-08-27T00:00:00+00:00,175.36,175.36,168.81,172.12,112049
2024-08-30T00:00:00+00:00,172.12,178.78,172.12,178.28,35650
2024-09-02T00:00:00+00:00,178.28,178.28,172.42,173.09,88200
2024-09-05T00:00:00+00:00,173.09,179.73,171.08,171.37,96074
2024-09-08T00:00:00+00:00,171.37,180.39,171.37,179.45,78640
2024-09-11T00:00:00+00:00,179.45,188.35,175.6,186.45,130339
2024-09-14T00:00:00+00:00,186.45,186.45,183.22,184.81,33635
2024-09-17T00:00:00+00:00,184.81,190.82,184.81,189.76,151864
2024-09-20T00:00:00+00:00,189.76,191.68,187.29,191.44,42272
2024-09-23T00:00:00+00:00,191.44,195.19,190,192.44,112244
2024-09-26T00:00:00+00:00,192.44,194.35,187.22,187.78,67941
2024-09-29T00:00:00+00:00,187.78,188.37,183.34,185.03,95094
2024-10-02T00:00:00+00:00,185.03,187.47,180.75,186.37,158951
2024-10-05T00:00:00+00:00,186.37,186.37,180.12,180.76,64346
2024-10-08T00:00:00+00:00,180.76,188.02,180.76,186.53,83608
2024-10-11T00:00:00+00:00,186.53,189.81,186.19,188.7,52610
2024-10-14T00:00:00+00:00,188.7,189.71,184.45,186.84,153546
2024-10-17T00:00:00+00:00,186.84,190.61,185.87,188.85,70948
2024-10-20T00:00:00+00:00,188.85,191.41,186.28,189.58,86165
2024-10-23T00:00:00+00:00,189.58,190.33,183.56,187.78,98204
2024-10-26T00:00:00+00:00,187.78,190.04,187.78,188.32,26061
2024-10-29T00:00:00+00:00,188.32,195.44,185.11,186,183444
2024-11-01T00:00:00+00:00,186,200.36,186,197.8,84878
2024-11-04T00:00:00+00:00,197.8,207.28,194.19,206.98,222570
2024-11-07T00:00:00+00:00,206.98,212.12,206.98,207.96,142837
2024-11-10T00:00:00+00:00,207.96,209.51,205.46,208.78,128472
2024-11-13T00:00:00+00:00,208.78,215.76,199.5,202.41,218652
2024-11-16T00:00:00+00:00,202.41,204.51,200.83,201.63,42340
2024-11-19T00:00:00+00:00,201.63,205.17,195.62,198.2,183724
2024-11-22T00:00:00+00:00,198.2,199.09,196.62,196.96,40466
2024-11-25T00:00:00+00:00,196.96,207.89,196.96,205.65,119825
2024-11-28T00:00:00+00:00,205.65,208.01,204.47,207.77,22460
2024-12-01T00:00:00+00:00,207.77,213.88,207.77,213.29,77953
2024-12-04T00:00:00+00:00,213.29,226.99,213.29,226.85,129455
2024-12-07T00:00:00+00:00,226.85,229.94,225.55,226.01,52721
2024-12-10T00:00:00+00:00,226.01,231.07,224.08,228.89,142432
2024-12-13T00:00:00+00:00,228.89,230.03,225.74,227.35,32671
2024-12-16T00:00:00+00:00,227.35,232.87,219.98,220.21,148291
2024-12-19T00:00:00+00:00,220.21,226.09,218.61,225.39,132218
2024-12-22T00:00:00+00:00,225.39,229.01,223.75,228.89,69272
2024-12-25T00:00:00+00:00,228.89,228.89,220.77,223.71,91161
2024-12-28T00:00:00+00:00,223.71,223.71,218.3,221.14,47329
2024-12-31T00:00:00+00:00,221.14,224.95,-2554.2705,220.1,104273
2025-01-03T00:00:00+00:00,220.1,225.22,220.1,224.08,40097
2025-01-06T00:00:00+00:00,224.08,228.71,220.07,222.14,147069
2025-01-09T00:00:00+00:00,222.14,222.14,216.39,218.72,61499
2025-01-12T00:00:00+00:00,218.72,221.64,216.08,217.6,122805
2025-01-15T00:00:00+00:00,217.6,226.32,217.6,225.85,151084
2025-01-21T00:00:00+00:00,225.85,235.34,225.85,235.23,102701
2025-01-24T00:00:00+00:00,235.23,236.25,232.81,234.69,35095
2025-01-27T00:00:00+00:00,234.69,241.64,225.84,237.04,178127
2025-01-30T00:00:00+00:00,237.04,240.17,232.08,237.45,104477
2025-02-02T00:00:00+00:00,237.45,242.39,232.77,241.98,98871
2025-02-05T00:00:00+00:00,241.98,241.98,227.93,229.13,132006
2025-02-08T00:00:00+00:00,229.13,233.8,229.07,233.02,35534
2025-02-11T00:00:00+00:00,233.02,233.31,227.39,230.18,112575
2025-02-14T00:00:00+00:00,230.18,230.18,227.1,228.51,29562
2025-02-17T00:00:00+00:00,228.51,228.96,223.59,226.58,73350
2025-02-20T00:00:00+00:00,226.58,226.58,214.61,216.36,102135
2025-02-23T00:00:00+00:00,216.36,217.57,204.02,212.61,121261
2025-02-26T00:00:00+00:00,212.61,219.83,206.87,212.07,182061
2025-03-01T00:00:00+00:00,212.07,213.88,202.41,204.81,67595
2025-03-04T00:00:00+00:00,204.81,209.83,197.31,200.54,240185
2025-03-07T00:00:00+00:00,200.54,202.15,192.41,199.17,92164
2025-03-10T00:00:00+00:00,199.17,201.32,190.73,198.69,253234
2025-03-13T00:00:00+00:00,198.69,198.74,191.68,197.81,115767
2025-03-16T00:00:00+00:00,197.81,198.78,189.26,192.74,127284
2025-03-19T00:00:00+00:00,192.74,199.17,191.84,196.14,161558
2025-03-22T00:00:00+00:00,196.14,203.43,196.14,202.83,45767
2025-03-25T00:00:00+00:00,202.83,206.08,199.14,201.34,139216
2025-03-28T00:00:00+00:00,201.34,201.34,191.76,192.55,45437
2025-03-31T00:00:00+00:00,192.55,193.8,184.51,191.96,145451
2025-04-03T00:00:00+00:00,191.96,191.96,162.16,167.1,247313
2025-04-06T00:00:00+00:00,167.1,181.76999999999998,157.63,167.04999999999998,246843
2025-04-09T00:00:00+00:00,167.04999999999998,188.57,165.89,180.73999999999998,252823
2025-04-12T00:00:00+00:00,180.73999999999998,183.13,175.21,178.23,67009
2025-04-15T00:00:00+00:00,178.23,178.31,167.38,168.63,192034
2025-04-21T00:00:00+00:00,168.63,183.32999999999998,161.26999999999998,176.5,188915
2025-04-24T00:00:00+00:00,176.5,185.9,176.13,184.85,119738
2025-04-27T00:00:00+00:00,184.85,186.19,179.63,183.39,107481
2025-04-30T00:00:00+00:00,183.39,188.85999999999999,174.82999999999998,186.01,172789
2025-05-03T00:00:00+00:00,186.01,186.01,181.51999999999998,182.26,36919
2025-05-06T00:00:00+00:00,182.26,190.28,179.79999999999998,188.12,159364
2025-05-09T00:00:00+00:00,188.12,190.63,187.13,189.07,52025
2025-05-12T00:00:00+00:00,189.07,210.79999999999998,189.07,206.2,154280
2025-05-15T00:00:00+00:00,206.2,206.2,198.65,201.54,110759
2025-05-18T00:00:00+00:00,201.54,206.47,-2567.9105,204.07,120361.34279187291
2025-05-21T00:00:00+00:00,204.07,205.55,197.25,200.87,239691
2025-05-27T00:00:00+00:00,200.87,208.68,200.87,205.55,212911
2025-05-30T00:00:00+00:00,205.55,205.57,201.56,204.58,63009
2025-06-02T00:00:00+00:00,204.58,208.8,202.51,207.14,183777
2025-06-05T00:00:00+00:00,207.14,213.75,207.14,213.34,126808
2025-06-08T00:00:00+00:00,213.34,217.72,212.76,217.44,97065
2025-06-11T00:00:00+00:00,217.44,218.22,209.4,212.14,167615
2025-06-14T00:00:00+00:00,212.14,216.93,211.48,216.07,42873
2025-06-17T00:00:00+00:00,216.07,217.83,212.38,212.44,132014
2025-06-20T00:00:00+00:00,212.44,214.71,208.15,209.64,70369
2025-06-23T00:00:00+00:00,209.64,215.85,207.19,211.96,141302
2025-06-26T00:00:00+00:00,211.96,223.11,211.88,222.92,105905
2025-06-29T00:00:00+00:00,222.92,223.42,217.81,220.45,104337
2025-07-02T00:00:00+00:00,220.45,223.89,218.9,222.93,62583
2025-07-05T00:00:00+00:00,222.93,224.17,222.22,223.45,49306
2025-07-08T00:00:00+00:00,223.45,224.15,218.29,222.12,131995
2025-07-11T00:00:00+00:00,222.12,226.57,222.12,224.9,56955
2025-07-14T00:00:00+00:00,224.9,227.16,-2547.7705,222.98,163765.307769073
2025-07-17T00:00:00+00:00,222.98,226.22,222.38,226.01,88569
2025-07-20T00:00:00+00:00,226.01,229.87,225.38,227.45,87221
2025-07-23T00:00:00+00:00,227.45,233.94,226.97,231.35,110537
2025-07-26T00:00:00+00:00,231.35,234.11,231.35,232.69,37355
2025-07-29T00:00:00+00:00,232.69,236.4,229.15,234.06,157192
2025-08-01T00:00:00+00:00,234.06,234.06,212.67,214.73,79076
2025-08-04T00:00:00+00:00,214.73,222.39,211.3,222.21,170513
2025-08-07T00:00:00+00:00,222.21,226.06,220.68,222.59,121712
2025-08-10T00:00:00+00:00,222.59,223.34,218.91,221.32,75609
2025-08-13T00:00:00+00:00,221.32,233.89,221.32,231.04,137420
2025-08-16T00:00:00+00:00,231.04,231.8,228.2,231.27,34331
2025-08-19T00:00:00+00:00,231.27,231.27,220.41,221.88,158280
2025-08-22T00:00:00+00:00,221.88,228.93,220.68,228.73,49672
2025-08-25T00:00:00+00:00,228.73,229.73,225.89,228.93,103038
2025-08-28T00:00:00+00:00,228.93,232.55,227.89,228.91,92031
2025-08-31T00:00:00+00:00,228.91,228.91,221.69,225.33,52669
2025-09-03T00:00:00+00:00,225.33,235.86,224.22,232.26,162535
2025-09-06T00:00:00+00:00,232.26,237.47,232.26,235.82,42727
2025-09-09T00:00:00+00:00,235.82,238.73,228.97,229.76,147020
2025-09-12T00:00:00+00:00,229.76,230.63,226.17,227.96,39598
2025-09-15T00:00:00+00:00,227.96,235.79,227.96,231.46,154967
2025-09-18T00:00:00+00:00,231.46,234.04,228.67,231.28,89859
2025-09-21T00:00:00+00:00,231.28,231.28,219.95,220.64,86791
2025-09-24T00:00:00+00:00,220.64,224.37,216.33,219.68,143690
2025-09-27T00:00:00+00:00,219.68,222.22,219.14,222.03,35689
2025-09-30T00:00:00+00:00,222.03,222.7,216.49,222.28,128861
2025-10-03T00:00:00+00:00,222.28,224.02,219.22,219.39,55388
2025-10-06T00:00:00+00:00,219.39,226.62,215.91,225.09,130621
2025-10-09T00:00:00+00:00,225.09,228.1,216.06,216.07,152603
2025-10-12T00:00:00+00:00,216.07,220.55,212.48,216.29,115877
2025-10-15T00:00:00+00:00,216.29,218.44,210.91,212.92,207414
2025-10-18T00:00:00+00:00,212.92,216.54,212.92,216.35,48633
2025-10-21T00:00:00+00:00,216.35,223.21,216.35,220.97,168663
2025-10-24T00:00:00+00:00,220.97,225.28,220.97,224.09,39630
2025-10-27T00:00:00+00:00,224.09,232.64,224.09,230.29,151433
2025-10-30T00:00:00+00:00,230.29,250.2,222.6,244.3,179504
2025-11-02T00:00:00+00:00,244.3,258.42,244.3,249.25,167820
2025-11-05T00:00:00+00:00,249.25,250.87,238.37,244.29,248960
2025-11-08T00:00:00+00:00,244.29,251.58,244.29,248.29,65199
2025-11-11T00:00:00+00:00,248.29,250.22,236.41,237.65,199876
2025-11-14T00:00:00+00:00,237.65,238.62,232.78,234.46,79175
2025-11-17T00:00:00+00:00,234.46,234.46,218.4,222.64,319063
2025-11-20T00:00:00+00:00,222.64,227.25,215.04,220.54,284427
2025-11-23T00:00:00+00:00,220.54,230.4,220.54,229.46,134348
2025-11-26T00:00:00+00:00,229.46,233.32,228.63,233.12,70651
2025-11-29T00:00:00+00:00,233.12,235.64,232.11,233.87,50098
2025-12-02T00:00:00+00:00,233.87,238.82,226.68,229.03,157973
2025-12-05T00:00:00+00:00,229.03,231.12,228.4,229.31,46006
2025-12-08T00:00:00+00:00,229.31,232.28,224.98,231.62,144437
2025-12-11T00:00:00+00:00,231.62,231.99,224.99,226.2,130328
2025-12-14T00:00:00+00:00,226.2,227.68,221.01,222.4,119043
2025-12-17T00:00:00+00:00,222.4,229.09,221.04,227.18,165404
2025-12-20T00:00:00+00:00,227.18,229.35,226.58,228.19,35048
2025-12-23T00:00:00+00:00,228.19,232.83,228.19,232.05,46288
2025-12-26T00:00:00+00:00,232.05,232.86,231.04,232.42,23702
2025-12-29T00:00:00+00:00,232.42,232.76,-2542.5505,-2542.4605,81349.92475925697
2026-01-01T00:00:00+00:00,231.95,235.31,224.57,226.35,70699
2026-01-04T00:00:00+00:00,226.35,243,226.35,240.64,110774
2026-01-07T00:00:00+00:00,240.64,250.81999999999996,240.52999999999997,250.39999999999998,180810
2026-01-10T00:00:00+00:00,250.39999999999998,252.01999999999998,249.04999999999998,249.60999999999996,42469
2026-01-13T00:00:00+00:00,249.60999999999996,250.73999999999998,239.31999999999996,241.15999999999997,225384
2026-01-16T00:00:00+00:00,241.15999999999997,242.62999999999997,239.51999999999998,242.27999999999997,67671
2026-01-19T00:00:00+00:00,242.27999999999997,242.27999999999997,229.97999999999996,234.48999999999998,199309
2026-01-22T00:00:00+00:00,234.48999999999998,243.51999999999998,233.97999999999996,242.27999999999997,129077
2026-01-25T00:00:00+00:00,242.27999999999997,247.97999999999996,240.63999999999996,247.77999999999997,111836
2026-01-28T00:00:00+00:00,247.77999999999997,250.86999999999998,239.80999999999997,242.55999999999997,285218
2026-01-31T00:00:00+00:00,242.55999999999997,248.70999999999998,241.32999999999998,246.09999999999997,88419
2026-02-03T00:00:00+00:00,246.09999999999997,249.41999999999996,223.46999999999997,225.49999999999997,443881
2026-02-06T00:00:00+00:00,225.49999999999997,225.49999999999997,203.39999999999998,213.31999999999996,130780
2026-02-09T00:00:00+00:00,213.31999999999996,215.87999999999997,205.58999999999997,207.29999999999998,313017
2026-02-12T00:00:00+00:00,207.29999999999998,207.29999999999998,200.36999999999998,201.87999999999997,233318
2026-02-15T00:00:00+00:00,201.87999999999997,204.82999999999998,199.21999999999997,204.31999999999996,148404
2026-02-18T00:00:00+00:00,204.31999999999996,214.42999999999998,204.31999999999996,213.49999999999997,370576
2026-02-21T00:00:00+00:00,213.49999999999997,213.49999999999997,206.39999999999995,208.49999999999997,101018
2026-02-24T00:00:00+00:00,208.49999999999997,211.45999999999998,-2566.7405,207.77,290659.8821043256
2026-02-27T00:00:00+00:00,207.77,210.21,-2564.7305,210.2,136294.9283098863
2026-03-02T00:00:00+00:00,210.2,223.39,208.36,222.69,479526
2026-03-05T00:00:00+00:00,222.69,226.32,218.38,219.11,360364
2026-03-08T00:00:00+00:00,219.11,221.53,212.99,220.15,281839
2026-03-11T00:00:00+00:00,220.15,221.39000000000001,210.73000000000002,212.27,427307
2026-03-14T00:00:00+00:00,212.27,217.24,211.96,216.3,95027
2026-03-17T00:00:00+00:00,216.3,220.19000000000003,210.57000000000002,213.3,293787
2026-03-20T00:00:00+00:00,213.3,213.3,208.82000000000002,209.85000000000002,104312
2026-03-23T00:00:00+00:00,209.85000000000002,217.52,209.85000000000002,216.22000000000003,422162
2026-03-26T00:00:00+00:00,216.22000000000003,217.4,-2572.8005,199.13,197558.06236860546
2026-03-29T00:00:00+00:00,199.13,210.16,199.13,208.25,237363
2026-04-01T00:00:00+00:00,208.25,213.46,-2562.8505,209.66,217680.62259018334
2026-04-04T00:00:00+00:00,209.66,212.8,209.03,212.58,74831
2026-04-07T00:00:00+00:00,212.58,233.68,-2552.5605,233.36,280205.02943590947
2026-04-10T00:00:00+00:00,233.36,240.32,-2534.1805,238.21,68530.26151849449
2026-04-13T00:00:00+00:00,238.21,252.05,-2525.3005,248.39,185226.35791366908
2026-04-16T00:00:00+00:00,248.39,256.05,-2518.7405,250.47,144994.6343223737
2026-04-19T00:00:00+00:00,250.47,254.82,245.22,249.69,119116
2026-04-22T00:00:00+00:00,249.69,264.26,-2520.4505,263.76,207406.7042867709
2026-04-25T00:00:00+00:00,263.76,263.76,260.23,260.86,56298
2026-04-28T00:00:00+00:00,260.86,273.58,-2508.1205,264.91,231581.4725
2026-05-01T00:00:00+00:00,264.91,273.18,-2503.6705,268.21,70036.60104011887
2026-05-04T00:00:00+00:00,268.21,278.43,-2498.4404999999997,275.02,197033.316035288
2026-05-07T00:00:00+00:00,275.02,276.38,-2501.3005,272.49,107772.11290561565
2026-05-10T00:00:00+00:00,272.49,273.51,262.5,265.7,134685
2026-05-13T00:00:00+00:00,265.7,270.63,-2510.4805,264.2,201572.27391033075
2026-05-16T00:00:00+00:00,264.2,268.67,262.4,264.72,88510
2026-05-19T00:00:00+00:00,264.72,269.34,-2509.1605,268.41,219715.75960346963
2026-05-22T00:00:00+00:00,268.41,269.65,-2505.1304999999998,266.33,81586.74399477807
2026-05-25T00:00:00+00:00,266.33,272.28,-2503.1904999999997,271.75,127329.26110025133
2026-05-28T00:00:00+00:00,271.75,274.58,-2502.1605,270.62,93883.92234312117
2026-05-31T00:00:00+00:00,270.62,270.62,254.24,256.36,112762
2026-06-03T00:00:00+00:00,256.36,256.94,-2521.6205,245.8,187711.89139661725
2026-06-06T00:00:00+00:00,245.8,249.28,243.23,245.09,69323
2026-06-09T00:00:00+00:00,245.09,250.29,-2533.2905,241.09,338791.9264340153
2026-06-12T00:00:00+00:00,241.09,243.05,-2536.4905,238.4,70483.80071897467
2026-06-15T00:00:00+00:00,238.4,249.35,-2532.4505,237.33,314451.2435384055
2026-06-18T00:00:00+00:00,237.33,245.6,-2533.3305,244.29,109402.19155528017
2026-06-21T00:00:00+00:00,244.29,244.29,231.77,234.11,221299
2026-06-24T00:00:00+00:00,234.11,242.28,-2542.6705,230.56,458926.24742746993
2026-06-27T00:00:00+00:00,230.56,246.63,230.56,240,78806
2026-06-30T00:00:00+00:00,240,246.56,-2531.2205,242.34,327453.0925256831
2026-07-06T00:00:00+00:00,242.34,248.79,-2532.1504999999997,243.44,200012.9032465963
2026-07-09T00:00:00+00:00,243.44,250.85,-2527.7405,245.35,110724.66472473055
2026-07-12T00:00:00+00:00,245.35,249.52,242.9,247.44,151499
2026-07-15T00:00:00+00:00,247.44,257.85,-2524.6605,247.23,214730.9515834069
2026-07-18T00:00:00+00:00,247.23,252.74,246.81,250.03,64126
2026-07-21T00:00:00+00:00,250.03,250.03,-2529.0205,233.53,165982.38172854413
2026-07-24T00:00:00+00:00,233.53,234.67,231.23,232,70139
2026-07-27T00:00:00+00:00,232,235.54,-2545.4905,226.65,330511.5703596381
2026-07-30T00:00:00+00:00,226.65,273.11,226.65,271.25,175424
2026-08-02T00:00:00+00:00,271.25,286.59000000000003,271.25,276.97,164994
2026-08-05T00:00:00+00:00,276.97,282.16,-2496.1005,274.48,184728.83762578884
2026-08-08T00:00:00+00:00,274.48,280,273.45000000000005,278.06,73539
2026-08-11T00:00:00+00:00,278.06,278.42,-2504.1405,264.96,163494.7502401537
2026-08-14T00:00:00+00:00,264.96,265.66,-2509.5105,262.45,44148.29670886076
2026-08-17T00:00:00+00:00,262.45,266.24,-2509.5505,265.65,126630.40157480315
2026-08-20T00:00:00+00:00,265.65,265.65,256.9,258.38,71313
2026-08-23T00:00:00+00:00,258.38,263.59,258.38,261.02000000000004,76620
2026-08-26T00:00:00+00:00,261.02000000000004,267.0499999999999,254.5499999999999,265.9599999999999,112375
2026-08-29T00:00:00+00:00,265.9599999999999,265.9599999999999,256.6499999999999,259.6199999999999,36497
2026-09-01T00:00:00+00:00,259.6199999999999,259.6199999999999,251.55999999999992,254.4799999999999,35523
